ID,NOMBRE,APELLODO,PRECIO,CODIGO DE VUELO,TIPO PASAJERO
1000,Saleem,Torres,20000.000000,MM0987B,EconomyClass
999,Tamarra,Navarro,15000.000000,MM0987B,EconomyClass
998,Jaye,Gutiérrez,25000.000000,MM0987B,EconomyClass
997,De witt,Alonso,12000.000000,MM0987B,EconomyClass
996,Atalanta,Romero,37000.000000,MM0987B,EconomyClass
995,Maxi,Muñoz,18000.000000,MM0987B,EconomyClass
994,Raquela,Álvarez,12000.000000,MM0987B,EconomyClass
993,Angelia,Moreno,50000.000000,MM0987B,EconomyClass
992,Trenna,Ramos,10000.000000,MM0987B,EconomyClass
991,Zaccaria,Vázquez,33000.000000,MM0987B,EconomyClass
990,Chiarra,Domínguez,18000.000000,MM0987B,EconomyClass
989,Wandie,Torres,25000.000000,BA2491A,EconomyClass
988,Dawn,Navarro,37000.000000,BA2491A,EconomyClass
987,Mohammed,Gutiérrez,42000.000000,BA2491A,EconomyClass
986,Ferd,Alonso,25000.000000,BA2491A,EconomyClass
985,Erna,Romero,33000.000000,BA2491A,EconomyClass
984,Pebrook,Muñoz,33000.000000,BA2491A,EconomyClass
983,Josi,Álvarez,12000.000000,BA2491A,EconomyClass
982,Sharai,Moreno,10000.000000,BA2491A,EconomyClass
981,Genevieve,Díaz,20000.000000,BA2491A,EconomyClass
980,Brana,Hernández,10000.000000,BA2491A,EconomyClass
979,Libbey,Ruiz,42000.000000,BA2491A,EconomyClass
978,Warner,Jiménez,30000.000000,IB0800A,EconomyClass
977,Wenonah,Martín,12000.000000,IB0800A,EconomyClass
976,Arlina,Gómez,33000.000000,IB0800A,EconomyClass
975,Aleksandr,Pérez,42000.000000,IB0800A,EconomyClass
974,Herrick,Sánchez,30000.000000,IB0800A,EconomyClass
973,Guglielma,Martínez,15000.000000,IB0800A,EconomyClass
972,Sloan,López,42000.000000,IB0800A,EconomyClass
971,Mercedes,Rodríguez,12000.000000,IB0800A,EconomyClass
970,Noach,Fernández,12000.000000,IB0800A,EconomyClass
969,Charlie,González,50000.000000,IB0800A,EconomyClass
968,Berenice,San Martín,10000.000000,IB0800A,EconomyClass
967,Esme,Farías,37000.000000,BR3456J,EconomyClass
966,Karon,Mendoza,10000.000000,BR3456J,EconomyClass
965,Kirstin,Guerrero,12000.000000,BR3456J,EconomyClass
964,Ansley,Venegas,37000.000000,BR3456J,EconomyClass
963,Arley,Ortega,33000.000000,BR3456J,EconomyClass
962,Burty,Toro,12000.000000,BR3456J,EconomyClass
961,Ginnie,Bustamante,15000.000000,BR3456J,EconomyClass
960,Zitella,Poblete,42000.000000,BR3456J,EconomyClass
959,Shaughn,Donoso,15000.000000,BR3456J,EconomyClass
958,Trista,Alvarado,50000.000000,BR3456J,EconomyClass
957,Floyd,Sáez,15000.000000,MM0987B,EconomyClass
956,Sioux,Navarrete,12000.000000,MM0987B,EconomyClass
955,Delila,Carvajal,20000.000000,MM0987B,EconomyClass
954,Laetitia,Sanhueza,33000.000000,MM0987B,EconomyClass
953,Lacey,Moreno,50000.000000,MM0987B,EconomyClass
952,Edwina,Palma,42000.000000,MM0987B,EconomyClass
951,Wake,Pino,25000.000000,BR3456J,EconomyClass
950,Lonna,Medina,10000.000000,BR3456J,EconomyClass
949,Clerissa,Bustos,15000.000000,BR3456J,EconomyClass
948,Agustin,Maldonado,25000.000000,BR3456J,EconomyClass
947,Martyn,Lagos,25000.000000,BR3456J,EconomyClass
946,Kimberley,Godoy,18000.000000,BR3456J,EconomyClass
945,Cherice,Peña,15000.000000,BR3456J,EconomyClass
944,Isabeau,Zúñiga,37000.000000,BA2491A,EconomyClass
943,Loria,Salinas,25000.000000,IB0800A,EconomyClass
942,Vernen,Vidal,18000.000000,IB0800A,EconomyClass
941,Nina,Valdés,25000.000000,IB0800A,EconomyClass
940,Josefina,Ruiz,30000.000000,IB0800A,EconomyClass
939,Verina,Escobar,37000.000000,IB0800A,EconomyClass
938,Arabel,Leiva,50000.000000,IB0800A,EconomyClass
937,Randy,Yáñez,15000.000000,IB0800A,EconomyClass
936,Carolina,Cáceres,33000.000000,IB0800A,EconomyClass
935,Jillane,Vázquez,37000.000000,IB0800A,EconomyClass
934,Dorette,Vargas,37000.000000,IB0800A,EconomyClass
933,Gui,Aravena,20000.000000,IB0800A,EconomyClass
932,Debby,Romero,18000.000000,IB0800A,EconomyClass
931,Callie,Parra,10000.000000,BR3456J,EconomyClass
930,Emory,Aguilera,37000.000000,BR3456J,EconomyClass
929,Melody,Navarro,20000.000000,BR3456J,EconomyClass
928,Hayden,Saavedra,30000.000000,BR3456J,EconomyClass
927,Robinia,Henríquez,10000.000000,BR3456J,EconomyClass
926,Abbie,Guzmán,18000.000000,BR3456J,EconomyClass
925,Wittie,Salazar,37000.000000,BR3456J,ExecutiveClass
924,Orlan,Garrido,25000.000000,BR3456J,ExecutiveClass
923,Ezekiel,Ortiz,20000.000000,BR3456J,ExecutiveClass
922,Wenda,Gallardo,12000.000000,BR3456J,ExecutiveClass
921,Odie,Alarcón,20000.000000,BR3456J,ExecutiveClass
920,Gretna,Olivares,42000.000000,BR3456J,ExecutiveClass
919,Calypso,Cárdenas,12000.000000,BR3456J,ExecutiveClass
918,Alysia,Orellana,37000.000000,MM0987B,EconomyClass
917,Luis,Sandoval,12000.000000,MM0987B,EconomyClass
916,Saunder,Campos,37000.000000,MM0987B,EconomyClass
915,Tyrone,Vega,15000.000000,MM0987B,EconomyClass
914,Curry,Molina,20000.000000,MM0987B,EconomyClass
913,Anetta,Vera,10000.000000,MM0987B,EconomyClass
912,Oren,Bravo,20000.000000,MM0987B,EconomyClass
911,Maurie,Miranda,50000.000000,MM0987B,EconomyClass
910,Atlante,García,33000.000000,MM0987B,EconomyClass
909,Leo,Riquelme,42000.000000,MM0987B,EconomyClass
908,Brittany,Figueroa,18000.000000,MM0987B,EconomyClass
907,Tabb,Rivera,50000.000000,BR3456J,ExecutiveClass
906,Lynn,Vergara,37000.000000,BR3456J,ExecutiveClass
905,Freda,Jara,42000.000000,BR3456J,FirstClass
904,Josiah,Núñez,12000.000000,BR3456J,FirstClass
903,Judas,Herrera,10000.000000,BR3456J,FirstClass
902,Coral,Cortés,18000.000000,BR3456J,FirstClass
901,Shaughn,Gómez,50000.000000,BR3456J,FirstClass
900,Riccardo,Carrasco,42000.000000,BR3456J,FirstClass
899,Martelle,Ramírez,15000.000000,BR3456J,FirstClass
898,Ki,Fernández,30000.000000,BR3456J,FirstClass
897,Gabriell,Sánchez,10000.000000,FR5678G,EconomyClass
896,Oberon,Vásquez,15000.000000,FR5678G,EconomyClass
895,Frasquito,Álvarez,15000.000000,FR5678G,EconomyClass
894,Gabbie,Pizarro,42000.000000,FR5678G,EconomyClass
893,Annamarie,Castro,20000.000000,FR5678G,EconomyClass
892,Devland,Gutiérrez,10000.000000,FR5678G,EconomyClass
891,Conant,Reyes,37000.000000,FR5678G,EconomyClass
890,Madel,Tapia,12000.000000,FR5678G,EconomyClass
889,Flo,Castillo,42000.000000,FR5678G,EconomyClass
888,Katlin,Valenzuela,25000.000000,FR5678G,EconomyClass
887,Guillermo,Espinoza,42000.000000,FR5678G,EconomyClass
886,Bailey,Flores,30000.000000,FR5678G,EconomyClass
885,Jan,Araya,18000.000000,FR5678G,EconomyClass
884,Lona,Torres,30000.000000,FR5678G,EconomyClass
883,Callida,Hernández,33000.000000,FR5678G,EconomyClass
882,Rina,Fuentes,25000.000000,FR5678G,EconomyClass
881,Kenna,López,25000.000000,FR5678G,EconomyClass
880,Josi,Rodríguez,18000.000000,FR5678G,EconomyClass
879,Barbey,Morales,12000.000000,FR5678G,EconomyClass
878,Ralf,Sepúlveda,12000.000000,FR5678G,EconomyClass
877,Mac,Martínez,25000.000000,FR5678G,EconomyClass
876,Cecil,Silva,37000.000000,FR5678G,EconomyClass
875,Saw,Contreras,15000.000000,FR5678G,EconomyClass
874,Estella,Soto,20000.000000,FR5678G,EconomyClass
873,Thomasa,Pérez,18000.000000,FR5678G,EconomyClass
872,Madonna,Díaz,10000.000000,FR5678G,EconomyClass
871,Phelia,Rojas,33000.000000,FR5678G,EconomyClass
870,Pearla,Muñoz,33000.000000,FR5678G,EconomyClass
869,Malory,González,42000.000000,FR5678G,EconomyClass
868,Trumaine,Ramos,42000.000000,FR5678G,EconomyClass
867,Emmanuel,Vázquez,30000.000000,FR5678G,EconomyClass
866,Rubi,Domínguez,18000.000000,FR5678G,EconomyClass
865,Devonna,Torres,18000.000000,FR5678G,EconomyClass
864,Alonzo,Navarro,12000.000000,FR5678G,EconomyClass
863,Cherish,Gutiérrez,42000.000000,FR5678G,EconomyClass
862,Holden,Alonso,50000.000000,FR5678G,EconomyClass
861,Pietrek,Romero,25000.000000,FR5678G,EconomyClass
860,Fair,Muñoz,37000.000000,FR5678G,EconomyClass
859,Abramo,Álvarez,37000.000000,FR5678G,EconomyClass
858,Ophelie,Moreno,37000.000000,FR5678G,EconomyClass
857,Devlen,Díaz,37000.000000,FR5678G,EconomyClass
856,Henrieta,Hernández,30000.000000,FR5678G,EconomyClass
855,Vassili,Ruiz,33000.000000,FR5678G,EconomyClass
854,Levon,Jiménez,25000.000000,FR5678G,EconomyClass
853,Eve,Martín,12000.000000,FR5678G,EconomyClass
852,Giacopo,Gómez,18000.000000,FR5678G,EconomyClass
851,Sidoney,Pérez,20000.000000,FR5678G,EconomyClass
850,Amanda,Sánchez,37000.000000,FR5678G,EconomyClass
849,Gibb,Martínez,20000.000000,FR5678G,EconomyClass
848,Rasia,López,37000.000000,FR5678G,EconomyClass
847,Estella,Rodríguez,42000.000000,FR5678G,EconomyClass
846,Brendin,Fernández,10000.000000,FR5678G,EconomyClass
845,Yardley,González,50000.000000,FR5678G,EconomyClass
844,Bella,San Martín,18000.000000,FR5678G,EconomyClass
843,Grant,Farías,33000.000000,FR5678G,EconomyClass
842,Irv,Mendoza,15000.000000,FR5678G,EconomyClass
841,Shelley,Guerrero,15000.000000,FR5678G,EconomyClass
840,Wadsworth,Venegas,30000.000000,FR5678G,EconomyClass
839,Oralia,Ortega,10000.000000,FR5678G,EconomyClass
838,Hashim,Toro,50000.000000,FR5678G,EconomyClass
837,Corrina,Bustamante,50000.000000,FR5678G,EconomyClass
836,Keene,Poblete,25000.000000,FR5678G,EconomyClass
835,Adelle,Donoso,10000.000000,FR5678G,EconomyClass
834,Chad,Alvarado,15000.000000,FR5678G,EconomyClass
833,Oby,Sáez,12000.000000,FR5678G,EconomyClass
832,Olivier,Navarrete,20000.000000,FR5678G,EconomyClass
831,Christina,Carvajal,37000.000000,FR5678G,EconomyClass
830,Cale,Sanhueza,50000.000000,FR5678G,EconomyClass
829,Conan,Moreno,20000.000000,FR5678G,EconomyClass
828,Norbert,Palma,20000.000000,FR5678G,EconomyClass
827,Angeli,Pino,20000.000000,FR5678G,EconomyClass
826,Yetta,Medina,25000.000000,FR5678G,EconomyClass
825,Andrei,Bustos,10000.000000,FR5678G,EconomyClass
824,Mercie,Maldonado,42000.000000,FR5678G,EconomyClass
823,Tania,Lagos,42000.000000,FR5678G,EconomyClass
822,Jefferey,Godoy,10000.000000,FR5678G,EconomyClass
821,Trevor,Peña,10000.000000,FR5678G,EconomyClass
820,Mag,Zúñiga,12000.000000,FR5678G,EconomyClass
819,Roch,Salinas,33000.000000,FR5678G,EconomyClass
818,Hyatt,Vidal,20000.000000,FR5678G,EconomyClass
817,Cynthia,Valdés,25000.000000,FR5678G,EconomyClass
816,Michele,Ruiz,42000.000000,FR5678G,EconomyClass
815,Lefty,Escobar,50000.000000,FR5678G,EconomyClass
814,Obadiah,Leiva,12000.000000,FR5678G,EconomyClass
813,Agnes,Yáñez,42000.000000,FR5678G,EconomyClass
812,Maxy,Cáceres,15000.000000,FR5678G,EconomyClass
811,Susi,Vázquez,18000.000000,FR5678G,EconomyClass
810,Efrem,Vargas,20000.000000,FR5678G,EconomyClass
809,Obadias,Aravena,10000.000000,FR5678G,EconomyClass
808,Emanuel,Romero,30000.000000,FR5678G,EconomyClass
807,Wini,Parra,37000.000000,FR5678G,EconomyClass
806,Almira,Aguilera,42000.000000,FR5678G,EconomyClass
805,Fred,Navarro,25000.000000,FR5678G,EconomyClass
804,Earle,Saavedra,30000.000000,FR5678G,ExecutiveClass
803,Lazaro,Henríquez,10000.000000,FR5678G,ExecutiveClass
802,Sheilah,Guzmán,42000.000000,FR5678G,ExecutiveClass
801,Janine,Salazar,50000.000000,FR5678G,ExecutiveClass
800,Daffi,Garrido,12000.000000,FR5678G,ExecutiveClass
799,Emmaline,Ortiz,37000.000000,FR5678G,ExecutiveClass
798,Yelena,Gallardo,50000.000000,FR5678G,ExecutiveClass
797,Diahann,Alarcón,33000.000000,FR5678G,ExecutiveClass
796,Hersh,Olivares,33000.000000,FR5678G,ExecutiveClass
795,Lorianna,Cárdenas,15000.000000,FR5678G,ExecutiveClass
794,Harv,Orellana,42000.000000,FR5678G,ExecutiveClass
793,Grayce,Sandoval,33000.000000,FR5678G,ExecutiveClass
792,Jermayne,Campos,33000.000000,FR5678G,ExecutiveClass
791,Ki,Vega,42000.000000,FR5678G,ExecutiveClass
790,Noll,Molina,30000.000000,FR5678G,ExecutiveClass
789,Florella,Vera,25000.000000,FR5678G,ExecutiveClass
788,Adelaida,Bravo,37000.000000,FR5678G,ExecutiveClass
787,Fayre,Miranda,18000.000000,FR5678G,ExecutiveClass
786,Edan,García,50000.000000,FR5678G,ExecutiveClass
785,Francine,Riquelme,42000.000000,FR5678G,ExecutiveClass
784,Marianne,Figueroa,33000.000000,FR5678G,ExecutiveClass
783,Crosby,Rivera,12000.000000,FR5678G,ExecutiveClass
782,Laughton,Vergara,15000.000000,FR5678G,ExecutiveClass
781,Felike,Jara,33000.000000,FR5678G,ExecutiveClass
780,Tootsie,Núñez,25000.000000,FR5678G,ExecutiveClass
779,Melva,Herrera,42000.000000,FR5678G,ExecutiveClass
778,Ingmar,Cortés,18000.000000,FR5678G,ExecutiveClass
777,Ree,Gómez,42000.000000,FR5678G,ExecutiveClass
776,Letta,Carrasco,10000.000000,FR5678G,ExecutiveClass
775,Wilie,Ramírez,30000.000000,FR5678G,ExecutiveClass
774,Barde,Fernández,18000.000000,FR5678G,ExecutiveClass
773,Juliana,Sánchez,50000.000000,FR5678G,ExecutiveClass
772,Alica,Vásquez,37000.000000,FR5678G,ExecutiveClass
771,Portia,Álvarez,33000.000000,FR5678G,ExecutiveClass
770,Barbey,Pizarro,20000.000000,FR5678G,ExecutiveClass
769,Egan,Castro,10000.000000,FR5678G,ExecutiveClass
768,Blakeley,Gutiérrez,18000.000000,FR5678G,ExecutiveClass
767,Brynne,Reyes,18000.000000,FR5678G,ExecutiveClass
766,Toby,Tapia,20000.000000,FR5678G,ExecutiveClass
765,Jenny,Castillo,33000.000000,FR5678G,ExecutiveClass
764,Roslyn,Valenzuela,10000.000000,FR5678G,FirstClass
763,Davidson,Espinoza,37000.000000,FR5678G,FirstClass
762,Lucienne,Flores,25000.000000,FR5678G,FirstClass
761,Galvan,Araya,33000.000000,FR5678G,FirstClass
760,Sidonia,Torres,10000.000000,FR5678G,FirstClass
759,Nanete,Hernández,37000.000000,FR5678G,FirstClass
758,Boycie,Fuentes,18000.000000,FR5678G,FirstClass
757,Kerianne,López,37000.000000,FR5678G,FirstClass
756,Kaitlynn,Rodríguez,15000.000000,FR5678G,FirstClass
755,Dorian,Morales,15000.000000,FR5678G,FirstClass
754,Amber,Sepúlveda,42000.000000,FR5678G,FirstClass
753,Andrej,Martínez,50000.000000,FR5678G,FirstClass
752,Arch,Silva,33000.000000,FR5678G,FirstClass
751,Jude,Contreras,12000.000000,FR5678G,FirstClass
750,Zsa zsa,Soto,20000.000000,FR5678G,FirstClass
749,Carola,Pérez,10000.000000,FR5678G,FirstClass
748,Mitchael,Díaz,33000.000000,FR5678G,FirstClass
747,Graehme,Rojas,18000.000000,FR5678G,FirstClass
746,Rosemarie,Muñoz,10000.000000,FR5678G,FirstClass
745,Gordon,González,12000.000000,FR5678G,FirstClass
744,Melonie,Ramos,33000.000000,FR5678G,FirstClass
743,Pancho,Vázquez,18000.000000,FR5678G,FirstClass
742,Silvano,Domínguez,12000.000000,FR5678G,FirstClass
741,Carleton,Torres,15000.000000,FR5678G,FirstClass
740,Chen,Navarro,37000.000000,FR5678G,FirstClass
739,Winnifred,Gutiérrez,10000.000000,FR5678G,FirstClass
738,Silvie,Alonso,12000.000000,FR5678G,FirstClass
737,Keith,Romero,20000.000000,FR5678G,FirstClass
736,Arvie,Muñoz,15000.000000,IB0800A,EconomyClass
735,Kaia,Álvarez,25000.000000,IB0800A,EconomyClass
734,Silas,Moreno,20000.000000,IB0800A,EconomyClass
733,Evvy,Díaz,42000.000000,IB0800A,EconomyClass
732,Enrica,Hernández,18000.000000,IB0800A,EconomyClass
731,Cassandry,Ruiz,33000.000000,IB0800A,EconomyClass
730,Emmet,Jiménez,37000.000000,IB0800A,EconomyClass
729,Osbert,Martín,33000.000000,IB0800A,EconomyClass
728,Klara,Gómez,50000.000000,IB0800A,EconomyClass
727,Rickie,Pérez,42000.000000,IB0800A,EconomyClass
726,Jonathon,Sánchez,50000.000000,IB0800A,EconomyClass
725,Cristina,Martínez,15000.000000,IB0800A,EconomyClass
724,Zia,López,42000.000000,IB0800A,EconomyClass
723,Darlene,Rodríguez,42000.000000,IB0800A,EconomyClass
722,Joannes,Fernández,10000.000000,IB0800A,EconomyClass
721,Riobard,González,42000.000000,IB0800A,EconomyClass
720,Jennie,San Martín,42000.000000,IB0800A,EconomyClass
719,Kamila,Farías,42000.000000,IB0800A,EconomyClass
718,Fina,Mendoza,42000.000000,IB0800A,EconomyClass
717,Hyacinthia,Guerrero,25000.000000,IB0800A,EconomyClass
716,Elita,Venegas,18000.000000,IB0800A,EconomyClass
715,Lucky,Ortega,42000.000000,IB0800A,EconomyClass
714,Jerrylee,Toro,10000.000000,HY4567D,EconomyClass
713,Roslyn,Bustamante,25000.000000,HY4567D,EconomyClass
712,Matelda,Poblete,18000.000000,HY4567D,EconomyClass
711,Cinda,Donoso,42000.000000,HY4567D,EconomyClass
710,Nikolaus,Alvarado,30000.000000,HY4567D,EconomyClass
709,Hagan,Sáez,50000.000000,HY4567D,EconomyClass
708,Merle,Navarrete,10000.000000,HY4567D,EconomyClass
707,Petronille,Carvajal,42000.000000,HY4567D,EconomyClass
706,Lia,Sanhueza,20000.000000,HY4567D,EconomyClass
705,Ariella,Moreno,12000.000000,HY4567D,EconomyClass
704,Pauly,Palma,30000.000000,HY4567D,EconomyClass
703,Alverta,Pino,25000.000000,HY4567D,EconomyClass
702,Rikki,Medina,12000.000000,HY4567D,EconomyClass
701,Tedra,Bustos,33000.000000,HY4567D,EconomyClass
700,Abbot,Maldonado,33000.000000,HY4567D,EconomyClass
699,Evelyn,Lagos,10000.000000,HY4567D,EconomyClass
698,Paddie,Godoy,33000.000000,HY4567D,EconomyClass
697,Robbie,Peña,30000.000000,HY4567D,EconomyClass
696,Erhard,Zúñiga,33000.000000,HY4567D,EconomyClass
695,Justino,Salinas,18000.000000,HY4567D,EconomyClass
694,Terrie,Vidal,42000.000000,HY4567D,EconomyClass
693,Baxy,Valdés,20000.000000,HY4567D,EconomyClass
692,Zorina,Ruiz,18000.000000,HY4567D,EconomyClass
691,Krishna,Escobar,50000.000000,HY4567D,EconomyClass
690,Krystyna,Leiva,50000.000000,HY4567D,EconomyClass
689,Terrence,Yáñez,42000.000000,HY4567D,EconomyClass
688,Xenos,Cáceres,37000.000000,HY4567D,EconomyClass
687,Devondra,Vázquez,10000.000000,HY4567D,EconomyClass
686,Rosalyn,Vargas,37000.000000,HY4567D,EconomyClass
685,Yul,Aravena,30000.000000,HY4567D,EconomyClass
684,Sly,Romero,42000.000000,HY4567D,EconomyClass
683,Jaquenette,Parra,25000.000000,HY4567D,EconomyClass
682,Tally,Aguilera,42000.000000,HY4567D,EconomyClass
681,Burgess,Navarro,12000.000000,HY4567D,EconomyClass
680,Flore,Saavedra,30000.000000,HY4567D,EconomyClass
679,Tomi,Henríquez,50000.000000,HY4567D,EconomyClass
678,Nilson,Guzmán,10000.000000,HY4567D,EconomyClass
677,Galen,Salazar,50000.000000,HY4567D,EconomyClass
676,Nani,Garrido,50000.000000,HY4567D,EconomyClass
675,Immanuel,Ortiz,33000.000000,HY4567D,EconomyClass
674,Lamont,Gallardo,33000.000000,HY4567D,EconomyClass
673,Lambert,Alarcón,42000.000000,HY4567D,EconomyClass
672,Sheila-kathryn,Olivares,10000.000000,HY4567D,EconomyClass
671,Jacqueline,Cárdenas,50000.000000,HY4567D,EconomyClass
670,Arlette,Orellana,30000.000000,HY4567D,EconomyClass
669,Beverlee,Sandoval,25000.000000,HY4567D,EconomyClass
668,Katina,Campos,20000.000000,HY4567D,EconomyClass
667,Kennan,Vega,12000.000000,HY4567D,EconomyClass
666,Caritta,Molina,12000.000000,HY4567D,EconomyClass
665,Wheeler,Vera,25000.000000,HY4567D,EconomyClass
664,Natassia,Bravo,42000.000000,HY4567D,EconomyClass
663,Millie,Miranda,15000.000000,HY4567D,EconomyClass
662,Byrom,García,42000.000000,HY4567D,EconomyClass
661,Shermie,Riquelme,12000.000000,HY4567D,EconomyClass
660,Cindi,Figueroa,12000.000000,HY4567D,EconomyClass
659,Willdon,Rivera,10000.000000,HY4567D,EconomyClass
658,Dorrie,Vergara,42000.000000,HY4567D,EconomyClass
657,Boothe,Jara,12000.000000,HY4567D,EconomyClass
656,Filmer,Núñez,50000.000000,HY4567D,EconomyClass
655,Maddy,Herrera,25000.000000,HY4567D,EconomyClass
654,Damara,Cortés,12000.000000,HY4567D,EconomyClass
653,Harmonia,Gómez,12000.000000,HY4567D,EconomyClass
652,Cesaro,Carrasco,30000.000000,HY4567D,EconomyClass
651,Thorndike,Ramírez,10000.000000,HY4567D,EconomyClass
650,Hugo,Fernández,30000.000000,HY4567D,EconomyClass
649,Ruthy,Sánchez,20000.000000,HY4567D,EconomyClass
648,Ethan,Vásquez,12000.000000,HY4567D,EconomyClass
647,Felike,Álvarez,12000.000000,HY4567D,EconomyClass
646,Arlie,Pizarro,42000.000000,HY4567D,EconomyClass
645,Sarajane,Castro,10000.000000,HY4567D,EconomyClass
644,Malachi,Gutiérrez,25000.000000,HY4567D,EconomyClass
643,Neron,Reyes,42000.000000,HY4567D,EconomyClass
642,Elinor,Tapia,33000.000000,HY4567D,EconomyClass
641,Maia,Castillo,10000.000000,HY4567D,EconomyClass
640,Wolfy,Valenzuela,33000.000000,HY4567D,EconomyClass
639,Marylee,Espinoza,50000.000000,HY4567D,EconomyClass
638,Merissa,Flores,25000.000000,HY4567D,EconomyClass
637,Rosalia,Araya,18000.000000,HY4567D,EconomyClass
636,Abigail,Torres,18000.000000,HY4567D,EconomyClass
635,Sherwin,Hernández,10000.000000,HY4567D,EconomyClass
634,Viva,Fuentes,25000.000000,HY4567D,EconomyClass
633,Shandra,López,50000.000000,HY4567D,EconomyClass
632,Josepha,Rodríguez,20000.000000,HY4567D,EconomyClass
631,Ivonne,Morales,20000.000000,HY4567D,ExecutiveClass
630,Lyndy,Sepúlveda,37000.000000,HY4567D,ExecutiveClass
629,Mace,Martínez,18000.000000,HY4567D,ExecutiveClass
628,Maddy,Silva,25000.000000,HY4567D,ExecutiveClass
627,Nicola,Contreras,12000.000000,HY4567D,ExecutiveClass
626,Menard,Soto,37000.000000,HY4567D,ExecutiveClass
625,Tonya,Pérez,37000.000000,HY4567D,ExecutiveClass
624,Giraud,Díaz,15000.000000,HY4567D,ExecutiveClass
623,Dorotea,Rojas,10000.000000,HY4567D,ExecutiveClass
622,Hestia,Muñoz,18000.000000,HY4567D,ExecutiveClass
621,Odessa,González,50000.000000,HY4567D,ExecutiveClass
620,Lissy,Ramos,37000.000000,HY4567D,ExecutiveClass
619,Lyndsay,Vázquez,42000.000000,HY4567D,ExecutiveClass
618,Orson,Domínguez,25000.000000,HY4567D,ExecutiveClass
617,Kirk,Torres,30000.000000,HY4567D,ExecutiveClass
616,Hetti,Navarro,30000.000000,HY4567D,ExecutiveClass
615,Idalina,Gutiérrez,50000.000000,HY4567D,ExecutiveClass
614,Fredia,Alonso,20000.000000,HY4567D,ExecutiveClass
613,Evin,Romero,12000.000000,HY4567D,ExecutiveClass
612,Fidole,Muñoz,30000.000000,HY4567D,ExecutiveClass
611,Pearla,Álvarez,20000.000000,HY4567D,ExecutiveClass
610,Sayre,Moreno,33000.000000,HY4567D,ExecutiveClass
609,Bernita,Díaz,15000.000000,HY4567D,ExecutiveClass
608,Joshia,Hernández,25000.000000,HY4567D,ExecutiveClass
607,Lydia,Ruiz,15000.000000,HY4567D,ExecutiveClass
606,Dedie,Jiménez,33000.000000,HY4567D,ExecutiveClass
605,Minda,Martín,15000.000000,HY4567D,ExecutiveClass
604,Arvin,Gómez,50000.000000,HY4567D,ExecutiveClass
603,Cahra,Pérez,50000.000000,HY4567D,ExecutiveClass
602,Brian,Sánchez,20000.000000,HY4567D,FirstClass
601,Emmalee,Martínez,18000.000000,HY4567D,FirstClass
600,Cornall,López,18000.000000,HY4567D,FirstClass
599,Howard,Rodríguez,18000.000000,HY4567D,FirstClass
598,Eachelle,Fernández,37000.000000,HY4567D,FirstClass
597,Isabelle,González,20000.000000,HY4567D,FirstClass
596,Dylan,San Martín,30000.000000,HY4567D,FirstClass
595,Gray,Farías,42000.000000,HY4567D,FirstClass
594,Cyndia,Mendoza,33000.000000,HY4567D,FirstClass
593,Vic,Guerrero,25000.000000,HY4567D,FirstClass
592,Corabelle,Venegas,37000.000000,HY4567D,FirstClass
591,Emlyn,Ortega,50000.000000,HY4567D,FirstClass
590,Trumaine,Toro,15000.000000,HY4567D,FirstClass
589,Hesther,Bustamante,33000.000000,HY4567D,FirstClass
588,Lynnette,Poblete,37000.000000,HY4567D,FirstClass
587,Hayes,Donoso,10000.000000,HY4567D,FirstClass
586,Umeko,Alvarado,30000.000000,HY4567D,FirstClass
585,Horatius,Sáez,18000.000000,HY4567D,FirstClass
584,Basil,Navarrete,12000.000000,HY4567D,FirstClass
583,Annabell,Carvajal,15000.000000,HY4567D,FirstClass
582,Grier,Sanhueza,42000.000000,HY4567D,FirstClass
581,Tiphani,Moreno,33000.000000,HY4567D,FirstClass
580,Delaney,Palma,50000.000000,HY4567D,FirstClass
579,Shel,Pino,25000.000000,HY4567D,FirstClass
578,Scarlett,Medina,20000.000000,HY4567D,FirstClass
577,Adrianne,Bustos,10000.000000,HY4567D,FirstClass
576,Corrina,Maldonado,15000.000000,HY4567D,FirstClass
575,Florida,Lagos,37000.000000,HY4567D,FirstClass
574,Phillipe,Godoy,37000.000000,GU2345F,EconomyClass
573,Sutherlan,Peña,10000.000000,GU2345F,EconomyClass
572,Antonella,Zúñiga,15000.000000,GU2345F,EconomyClass
571,Carma,Salinas,33000.000000,GU2345F,EconomyClass
570,Retha,Vidal,15000.000000,GU2345F,EconomyClass
569,Carter,Valdés,33000.000000,GU2345F,EconomyClass
568,Modesta,Ruiz,33000.000000,GU2345F,EconomyClass
567,Dur,Escobar,25000.000000,GU2345F,EconomyClass
566,Lemmie,Leiva,18000.000000,GU2345F,EconomyClass
565,Rutherford,Yáñez,15000.000000,GU2345F,EconomyClass
564,Briney,Cáceres,12000.000000,GU2345F,EconomyClass
563,Keith,Vázquez,10000.000000,GU2345F,EconomyClass
562,Erica,Vargas,10000.000000,GU2345F,EconomyClass
561,Sasha,Aravena,15000.000000,GU2345F,EconomyClass
560,Hesther,Romero,15000.000000,GU2345F,EconomyClass
559,Jessamine,Parra,18000.000000,GU2345F,EconomyClass
558,Caren,Aguilera,15000.000000,GU2345F,EconomyClass
557,Babbie,Navarro,15000.000000,GU2345F,EconomyClass
556,Aeriela,Saavedra,37000.000000,GU2345F,EconomyClass
555,Clarice,Henríquez,33000.000000,GU2345F,EconomyClass
554,Lucais,Guzmán,42000.000000,GU2345F,EconomyClass
553,Lynett,Salazar,37000.000000,GU2345F,EconomyClass
552,Delmore,Garrido,33000.000000,GU2345F,EconomyClass
551,Gauthier,Ortiz,12000.000000,GU2345F,EconomyClass
550,Mathe,Gallardo,12000.000000,GU2345F,EconomyClass
549,Josiah,Alarcón,12000.000000,GU2345F,EconomyClass
548,Mab,Olivares,25000.000000,GU2345F,EconomyClass
547,Marj,Cárdenas,18000.000000,GU2345F,EconomyClass
546,Henrie,Orellana,50000.000000,GU2345F,EconomyClass
545,Domini,Sandoval,18000.000000,GU2345F,EconomyClass
544,Prisca,Campos,18000.000000,GU2345F,EconomyClass
543,Margeaux,Vega,18000.000000,GU2345F,EconomyClass
542,Gene,Molina,15000.000000,GU2345F,EconomyClass
541,Deny,Vera,18000.000000,GU2345F,EconomyClass
540,Saunders,Bravo,25000.000000,BA2491A,EconomyClass
539,Christie,Miranda,18000.000000,BA2491A,EconomyClass
538,Caren,García,12000.000000,BA2491A,EconomyClass
537,Ced,Riquelme,20000.000000,BA2491A,EconomyClass
536,Delmar,Figueroa,42000.000000,BA2491A,EconomyClass
535,Frans,Rivera,33000.000000,BA2491A,EconomyClass
534,Bunnie,Vergara,33000.000000,GU2345F,EconomyClass
533,Dennison,Jara,25000.000000,GU2345F,EconomyClass
532,Nathalie,Núñez,37000.000000,GU2345F,EconomyClass
531,Maxi,Herrera,37000.000000,GU2345F,EconomyClass
530,Mort,Cortés,42000.000000,GU2345F,EconomyClass
529,Daveta,Gómez,20000.000000,GU2345F,EconomyClass
528,Helen-elizabeth,Carrasco,20000.000000,GU2345F,EconomyClass
527,Eveline,Ramírez,37000.000000,GU2345F,EconomyClass
526,Homer,Fernández,10000.000000,GU2345F,EconomyClass
525,Edan,Sánchez,20000.000000,GU2345F,EconomyClass
524,Janey,Vásquez,42000.000000,GU2345F,EconomyClass
523,Eddy,Álvarez,12000.000000,GU2345F,EconomyClass
522,Charles,Pizarro,42000.000000,GU2345F,EconomyClass
521,Sheridan,Castro,50000.000000,GU2345F,EconomyClass
520,Coop,Gutiérrez,37000.000000,GU2345F,EconomyClass
519,Ethe,Reyes,20000.000000,GU2345F,EconomyClass
518,Erda,Tapia,37000.000000,GU2345F,EconomyClass
517,Danya,Castillo,25000.000000,GU2345F,EconomyClass
516,Pernell,Valenzuela,50000.000000,GU2345F,EconomyClass
515,Torrey,Espinoza,42000.000000,GU2345F,EconomyClass
514,Vincents,Flores,25000.000000,MM0987B,EconomyClass
513,Lorna,Araya,42000.000000,MM0987B,EconomyClass
512,Bird,Torres,18000.000000,MM0987B,EconomyClass
511,Markos,Hernández,20000.000000,MM0987B,EconomyClass
510,Irena,Fuentes,20000.000000,MM0987B,EconomyClass
509,Cornie,López,42000.000000,MM0987B,EconomyClass
508,Lin,Rodríguez,12000.000000,MM0987B,EconomyClass
507,Patrice,Morales,37000.000000,GU2345F,EconomyClass
506,Lothaire,Sepúlveda,20000.000000,GU2345F,EconomyClass
505,Martguerita,Martínez,50000.000000,GU2345F,EconomyClass
504,Karie,Silva,25000.000000,GU2345F,EconomyClass
503,Patton,Contreras,15000.000000,GU2345F,EconomyClass
502,Callie,Soto,50000.000000,GU2345F,EconomyClass
501,Gabi,Pérez,30000.000000,GU2345F,EconomyClass
500,Warren,Díaz,25000.000000,GU2345F,EconomyClass
499,Bibbie,Rojas,37000.000000,GU2345F,EconomyClass
498,Gretchen,Muñoz,12000.000000,GU2345F,EconomyClass
497,Fredia,González,30000.000000,GU2345F,EconomyClass
496,Conrado,Ramos,50000.000000,GU2345F,EconomyClass
495,Willey,Vázquez,15000.000000,GU2345F,EconomyClass
494,Mirilla,Domínguez,30000.000000,GU2345F,EconomyClass
493,Joshia,Torres,33000.000000,GU2345F,EconomyClass
492,Minny,Navarro,33000.000000,GU2345F,EconomyClass
491,Skipton,Gutiérrez,10000.000000,GU2345F,EconomyClass
490,Tamarah,Alonso,50000.000000,GU2345F,EconomyClass
489,Dorothea,Romero,15000.000000,GU2345F,EconomyClass
488,Hedvige,Muñoz,37000.000000,GU2345F,EconomyClass
487,Rorie,Álvarez,25000.000000,GU2345F,EconomyClass
486,Bartholomew,Moreno,33000.000000,GU2345F,EconomyClass
485,Melisse,Díaz,10000.000000,GU2345F,EconomyClass
484,Kym,Hernández,20000.000000,GU2345F,EconomyClass
483,Micheil,Ruiz,37000.000000,GU2345F,EconomyClass
482,Tori,Jiménez,42000.000000,GU2345F,EconomyClass
481,Lionello,Martín,37000.000000,GU2345F,EconomyClass
480,Marissa,Gómez,37000.000000,GU2345F,EconomyClass
479,Benita,Pérez,25000.000000,GU2345F,EconomyClass
478,Brooke,Sánchez,20000.000000,GU2345F,EconomyClass
477,Mariele,Martínez,33000.000000,GU2345F,EconomyClass
476,Abigael,López,12000.000000,GU2345F,ExecutiveClass
475,Coletta,Rodríguez,50000.000000,GU2345F,ExecutiveClass
474,Salomi,Fernández,10000.000000,GU2345F,ExecutiveClass
473,Erek,González,10000.000000,GU2345F,ExecutiveClass
472,Saidee,San Martín,50000.000000,GU2345F,ExecutiveClass
471,Ramsay,Farías,20000.000000,GU2345F,ExecutiveClass
470,Rod,Mendoza,50000.000000,GU2345F,ExecutiveClass
469,Chrisy,Guerrero,15000.000000,GU2345F,ExecutiveClass
468,Kendell,Venegas,25000.000000,GU2345F,ExecutiveClass
467,Svend,Ortega,25000.000000,GU2345F,ExecutiveClass
466,Carlye,Toro,37000.000000,GU2345F,ExecutiveClass
465,Carley,Bustamante,12000.000000,GU2345F,ExecutiveClass
464,Liana,Poblete,15000.000000,GU2345F,ExecutiveClass
463,Shea,Donoso,12000.000000,GU2345F,ExecutiveClass
462,Marsiella,Alvarado,20000.000000,GU2345F,ExecutiveClass
461,Anthia,Sáez,37000.000000,GU2345F,ExecutiveClass
460,Mac,Navarrete,20000.000000,GU2345F,ExecutiveClass
459,Karen,Carvajal,20000.000000,GU2345F,ExecutiveClass
458,Kassi,Sanhueza,37000.000000,GU2345F,ExecutiveClass
457,Arnaldo,Moreno,10000.000000,GU2345F,ExecutiveClass
456,Leeanne,Palma,10000.000000,GU2345F,ExecutiveClass
455,Hilly,Pino,30000.000000,GU2345F,ExecutiveClass
454,Korella,Medina,33000.000000,GU2345F,ExecutiveClass
453,Portie,Bustos,15000.000000,GU2345F,ExecutiveClass
452,Samara,Maldonado,50000.000000,GU2345F,ExecutiveClass
451,Margalit,Lagos,15000.000000,GU2345F,ExecutiveClass
450,Alexandr,Godoy,18000.000000,GU2345F,ExecutiveClass
449,Julietta,Peña,42000.000000,GU2345F,ExecutiveClass
448,Lenora,Zúñiga,18000.000000,GU2345F,ExecutiveClass
447,Guy,Salinas,42000.000000,GU2345F,ExecutiveClass
446,Rina,Vidal,20000.000000,GU2345F,ExecutiveClass
445,Ozzie,Valdés,20000.000000,GU2345F,ExecutiveClass
444,Chrissy,Ruiz,18000.000000,GU2345F,ExecutiveClass
443,Davon,Escobar,20000.000000,GU2345F,ExecutiveClass
442,Tam,Leiva,20000.000000,GU2345F,ExecutiveClass
441,Regine,Yáñez,10000.000000,GU2345F,FirstClass
440,Garold,Cáceres,20000.000000,GU2345F,FirstClass
439,Leelah,Vázquez,25000.000000,GU2345F,FirstClass
438,Gardie,Vargas,12000.000000,GU2345F,FirstClass
437,Any,Aravena,18000.000000,GU2345F,FirstClass
436,Felicdad,Romero,18000.000000,GU2345F,FirstClass
435,Wesley,Parra,10000.000000,GU2345F,FirstClass
434,Brietta,Aguilera,42000.000000,GU2345F,FirstClass
433,Emmit,Navarro,12000.000000,GU2345F,FirstClass
432,Wade,Saavedra,12000.000000,GU2345F,FirstClass
431,Smitty,Henríquez,15000.000000,GU2345F,FirstClass
430,Pincus,Guzmán,42000.000000,GU2345F,FirstClass
429,Coleman,Salazar,25000.000000,GU2345F,FirstClass
428,Kelly,Garrido,37000.000000,GU2345F,FirstClass
427,Carine,Ortiz,33000.000000,GU2345F,FirstClass
426,Minnnie,Gallardo,20000.000000,GU2345F,FirstClass
425,Jordan,Alarcón,33000.000000,GU2345F,FirstClass
424,Chuck,Olivares,33000.000000,GU2345F,FirstClass
423,Keelby,Cárdenas,15000.000000,GU2345F,FirstClass
422,Jennifer,Orellana,15000.000000,GU2345F,FirstClass
421,Neila,Sandoval,15000.000000,TU6789B,EconomyClass
420,Lothaire,Campos,12000.000000,TU6789B,EconomyClass
419,Ed,Vega,18000.000000,TU6789B,EconomyClass
418,Addia,Molina,20000.000000,TU6789B,EconomyClass
417,Sibley,Vera,20000.000000,TU6789B,EconomyClass
416,Dennie,Bravo,42000.000000,TU6789B,EconomyClass
415,Skylar,Miranda,20000.000000,TU6789B,EconomyClass
414,Morie,García,12000.000000,TU6789B,EconomyClass
413,Clair,Riquelme,42000.000000,TU6789B,EconomyClass
412,Babita,Figueroa,30000.000000,TU6789B,EconomyClass
411,Frayda,Rivera,30000.000000,TU6789B,EconomyClass
410,Fidelia,Vergara,12000.000000,TU6789B,EconomyClass
409,Sileas,Jara,20000.000000,TU6789B,EconomyClass
408,Benson,Núñez,20000.000000,TU6789B,EconomyClass
407,Mikael,Herrera,50000.000000,TU6789B,EconomyClass
406,Fredric,Cortés,50000.000000,TU6789B,EconomyClass
405,Amerigo,Gómez,33000.000000,TU6789B,EconomyClass
404,Willa,Carrasco,30000.000000,TU6789B,EconomyClass
403,Bar,Ramírez,20000.000000,TU6789B,EconomyClass
402,Rachel,Fernández,12000.000000,MM0987B,EconomyClass
401,Vail,Sánchez,33000.000000,MM0987B,EconomyClass
400,Prince,Vásquez,25000.000000,MM0987B,EconomyClass
399,Esdras,Álvarez,37000.000000,MM0987B,ExecutiveClass
398,Easter,Pizarro,30000.000000,MM0987B,ExecutiveClass
397,Charil,Castro,33000.000000,MM0987B,ExecutiveClass
396,Iorgos,Gutiérrez,18000.000000,MM0987B,ExecutiveClass
395,Livy,Reyes,20000.000000,MM0987B,ExecutiveClass
394,Gaelan,Tapia,25000.000000,MM0987B,ExecutiveClass
393,Barret,Castillo,10000.000000,MM0987B,ExecutiveClass
392,Vikki,Valenzuela,33000.000000,MM0987B,ExecutiveClass
391,Sherwin,Espinoza,50000.000000,MM0987B,ExecutiveClass
390,Ag,Flores,50000.000000,TU6789B,EconomyClass
389,Anna-maria,Araya,42000.000000,TU6789B,EconomyClass
388,Shauna,Torres,25000.000000,TU6789B,EconomyClass
387,Juliann,Hernández,50000.000000,TU6789B,EconomyClass
386,Demeter,Fuentes,10000.000000,TU6789B,EconomyClass
385,Gayel,López,20000.000000,TU6789B,EconomyClass
384,Nonnah,Rodríguez,25000.000000,TU6789B,EconomyClass
383,George,Morales,15000.000000,TU6789B,EconomyClass
382,Alister,Sepúlveda,33000.000000,BA2491A,EconomyClass
381,Silas,Martínez,15000.000000,BA2491A,EconomyClass
380,Fran,Silva,30000.000000,BA2491A,EconomyClass
379,Crawford,Contreras,12000.000000,BA2491A,EconomyClass
378,Brigg,Soto,10000.000000,BA2491A,EconomyClass
377,Hussein,Pérez,25000.000000,BA2491A,EconomyClass
376,Vikky,Díaz,15000.000000,BA2491A,EconomyClass
375,Nanni,Rojas,25000.000000,BA2491A,EconomyClass
374,Dalis,Muñoz,42000.000000,TU6789B,EconomyClass
373,Veronica,González,42000.000000,TU6789B,EconomyClass
372,Andy,Ramos,37000.000000,TU6789B,EconomyClass
371,Franni,Vázquez,42000.000000,TU6789B,EconomyClass
370,Ingrim,Domínguez,30000.000000,TU6789B,EconomyClass
369,Deni,Torres,42000.000000,TU6789B,EconomyClass
368,Clywd,Navarro,33000.000000,TU6789B,EconomyClass
367,Maryellen,Gutiérrez,37000.000000,TU6789B,EconomyClass
366,Klarrisa,Alonso,18000.000000,TU6789B,EconomyClass
365,Neely,Romero,20000.000000,TU6789B,EconomyClass
364,Junie,Muñoz,20000.000000,TU6789B,EconomyClass
363,Neilla,Álvarez,50000.000000,TU6789B,EconomyClass
362,Buddy,Moreno,50000.000000,TU6789B,EconomyClass
361,Sinclair,Díaz,50000.000000,TU6789B,EconomyClass
360,Honor,Hernández,30000.000000,TU6789B,EconomyClass
359,Tully,Ruiz,18000.000000,TU6789B,EconomyClass
358,Ula,Jiménez,50000.000000,TU6789B,EconomyClass
357,Nisse,Martín,37000.000000,TU6789B,EconomyClass
356,Isabelle,Gómez,20000.000000,TU6789B,EconomyClass
355,Wilfred,Pérez,20000.000000,TU6789B,EconomyClass
354,Kurtis,Sánchez,50000.000000,TU6789B,EconomyClass
353,Carita,Martínez,42000.000000,TU6789B,EconomyClass
352,Marieann,López,50000.000000,TU6789B,EconomyClass
351,Heddi,Rodríguez,20000.000000,TU6789B,EconomyClass
350,Maiga,Fernández,20000.000000,TU6789B,EconomyClass
349,Cassie,González,50000.000000,TU6789B,EconomyClass
348,Jefferey,San Martín,33000.000000,TU6789B,EconomyClass
347,Tarra,Farías,12000.000000,TU6789B,EconomyClass
346,Janeta,Mendoza,10000.000000,TU6789B,EconomyClass
345,Aldric,Guerrero,50000.000000,TU6789B,EconomyClass
344,Genevra,Venegas,10000.000000,TU6789B,EconomyClass
343,Johannes,Ortega,18000.000000,TU6789B,EconomyClass
342,Floria,Toro,12000.000000,TU6789B,EconomyClass
341,Rafaello,Bustamante,37000.000000,TU6789B,EconomyClass
340,Melloney,Poblete,33000.000000,TU6789B,EconomyClass
339,Nona,Donoso,30000.000000,TU6789B,EconomyClass
338,Filbert,Alvarado,20000.000000,TU6789B,EconomyClass
337,Lira,Sáez,30000.000000,TU6789B,EconomyClass
336,Dominique,Navarrete,37000.000000,TU6789B,EconomyClass
335,Rand,Carvajal,20000.000000,TU6789B,EconomyClass
334,Isak,Sanhueza,20000.000000,TU6789B,EconomyClass
333,Cornie,Moreno,15000.000000,TU6789B,EconomyClass
332,Eden,Palma,18000.000000,TU6789B,EconomyClass
331,Booth,Pino,15000.000000,TU6789B,EconomyClass
330,Rosemarie,Medina,33000.000000,TU6789B,EconomyClass
329,Urbano,Bustos,50000.000000,TU6789B,EconomyClass
328,Matias,Maldonado,33000.000000,TU6789B,EconomyClass
327,Nerty,Lagos,20000.000000,TU6789B,EconomyClass
326,Lina,Godoy,12000.000000,TU6789B,EconomyClass
325,Maynord,Peña,42000.000000,BA2491A,EconomyClass
324,Ad,Zúñiga,33000.000000,BA2491A,EconomyClass
323,Hilary,Salinas,37000.000000,BA2491A,EconomyClass
322,Richard,Vidal,42000.000000,BA2491A,EconomyClass
321,Wilona,Valdés,25000.000000,BA2491A,EconomyClass
320,Donaugh,Ruiz,12000.000000,BA2491A,EconomyClass
319,Fan,Escobar,18000.000000,BA2491A,EconomyClass
318,Urban,Leiva,10000.000000,BA2491A,EconomyClass
317,Web,Yáñez,37000.000000,BA2491A,EconomyClass
316,Angelika,Cáceres,50000.000000,BA2491A,EconomyClass
315,Timothea,Vázquez,20000.000000,TU6789B,EconomyClass
314,Charisse,Vargas,50000.000000,TU6789B,EconomyClass
313,Franchot,Aravena,12000.000000,TU6789B,EconomyClass
312,Lenci,Romero,42000.000000,TU6789B,EconomyClass
311,Tabor,Parra,37000.000000,TU6789B,EconomyClass
310,Brnaba,Aguilera,37000.000000,TU6789B,EconomyClass
309,Ernestus,Navarro,12000.000000,TU6789B,EconomyClass
308,Davide,Saavedra,42000.000000,TU6789B,EconomyClass
307,Renie,Henríquez,33000.000000,TU6789B,EconomyClass
306,Silvan,Guzmán,12000.000000,TU6789B,EconomyClass
305,Jacinda,Salazar,50000.000000,TU6789B,EconomyClass
304,Coleman,Garrido,33000.000000,TU6789B,EconomyClass
303,Charin,Ortiz,12000.000000,TU6789B,EconomyClass
302,Ron,Gallardo,20000.000000,TU6789B,EconomyClass
301,Cos,Alarcón,30000.000000,TU6789B,EconomyClass
300,Zabrina,Olivares,12000.000000,TU6789B,EconomyClass
299,Jody,Cárdenas,33000.000000,TU6789B,EconomyClass
298,Sayre,Orellana,18000.000000,TU6789B,EconomyClass
297,Ddene,Sandoval,12000.000000,TU6789B,ExecutiveClass
296,Leigh,Campos,37000.000000,TU6789B,ExecutiveClass
295,Catriona,Vega,42000.000000,TU6789B,ExecutiveClass
294,Cleo,Molina,50000.000000,BA2491A,EconomyClass
293,Russell,Vera,50000.000000,BA2491A,EconomyClass
292,Christiano,Bravo,50000.000000,BA2491A,EconomyClass
291,Chalmers,Miranda,10000.000000,BA2491A,EconomyClass
290,Gordon,García,25000.000000,BA2491A,EconomyClass
289,Dulcea,Riquelme,25000.000000,BA2491A,EconomyClass
288,Dudley,Figueroa,42000.000000,BA2491A,EconomyClass
287,Ofelia,Rivera,30000.000000,BA2491A,EconomyClass
286,Jodi,Vergara,30000.000000,BA2491A,EconomyClass
285,Bartel,Jara,37000.000000,TU6789B,ExecutiveClass
284,Sidonia,Núñez,10000.000000,TU6789B,ExecutiveClass
283,Osbert,Herrera,15000.000000,TU6789B,ExecutiveClass
282,Edie,Cortés,25000.000000,TU6789B,ExecutiveClass
281,Rafaellle,Gómez,50000.000000,TU6789B,ExecutiveClass
280,Koenraad,Carrasco,20000.000000,TU6789B,ExecutiveClass
279,Alberik,Ramírez,50000.000000,TU6789B,ExecutiveClass
278,Emory,Fernández,15000.000000,TU6789B,ExecutiveClass
277,Kiel,Sánchez,50000.000000,TU6789B,ExecutiveClass
276,Dru,Vásquez,50000.000000,TU6789B,ExecutiveClass
275,Charmian,Álvarez,15000.000000,TU6789B,ExecutiveClass
274,Dyann,Pizarro,50000.000000,TU6789B,ExecutiveClass
273,Bond,Castro,10000.000000,TU6789B,ExecutiveClass
272,Duncan,Gutiérrez,37000.000000,TU6789B,ExecutiveClass
271,Larina,Reyes,18000.000000,TU6789B,ExecutiveClass
270,Edlin,Tapia,20000.000000,TU6789B,ExecutiveClass
269,Shirl,Castillo,20000.000000,TU6789B,ExecutiveClass
268,Channa,Valenzuela,50000.000000,TU6789B,ExecutiveClass
267,Abbie,Espinoza,25000.000000,TU6789B,ExecutiveClass
266,Arel,Flores,30000.000000,TU6789B,ExecutiveClass
265,Blair,Araya,50000.000000,TU6789B,ExecutiveClass
264,Stephen,Torres,37000.000000,TU6789B,ExecutiveClass
263,Orelee,Hernández,20000.000000,TU6789B,ExecutiveClass
262,Melisa,Fuentes,12000.000000,TU6789B,ExecutiveClass
261,Josiah,López,10000.000000,TU6789B,ExecutiveClass
260,Tadd,Rodríguez,50000.000000,TU6789B,ExecutiveClass
259,Merrile,Morales,50000.000000,BA2491A,EconomyClass
258,Sydelle,Sepúlveda,30000.000000,BA2491A,EconomyClass
257,Jori,Martínez,12000.000000,BA2491A,EconomyClass
256,Gusty,Silva,10000.000000,BA2491A,EconomyClass
255,Yuri,Contreras,25000.000000,BA2491A,EconomyClass
254,Morris,Soto,10000.000000,BA2491A,EconomyClass
253,Norene,Pérez,25000.000000,BA2491A,EconomyClass
252,Karlotte,Díaz,20000.000000,BA2491A,EconomyClass
251,Jenna,Rojas,30000.000000,TU6789B,ExecutiveClass
250,Tiphani,Muñoz,42000.000000,TU6789B,ExecutiveClass
249,Jessee,González,30000.000000,TU6789B,ExecutiveClass
248,Maynard,Ramos,18000.000000,TU6789B,ExecutiveClass
247,Dotty,Vázquez,42000.000000,TU6789B,ExecutiveClass
246,Adam,Domínguez,20000.000000,TU6789B,ExecutiveClass
245,Donal,Torres,18000.000000,TU6789B,ExecutiveClass
244,Cal,Navarro,42000.000000,TU6789B,ExecutiveClass
243,Brigham,Gutiérrez,25000.000000,TU6789B,ExecutiveClass
242,Broddie,Alonso,42000.000000,TU6789B,ExecutiveClass
241,Alexandra,Romero,42000.000000,TU6789B,FirstClass
240,Billie,Muñoz,37000.000000,TU6789B,FirstClass
239,Chet,Álvarez,42000.000000,TU6789B,FirstClass
238,Leeanne,Moreno,15000.000000,TU6789B,FirstClass
237,Cathleen,Díaz,10000.000000,TU6789B,FirstClass
236,Anastasia,Hernández,18000.000000,BA2491A,EconomyClass
235,Hiram,Ruiz,20000.000000,BA2491A,EconomyClass
234,Pietro,Jiménez,18000.000000,BA2491A,EconomyClass
233,Peter,Martín,12000.000000,BA2491A,EconomyClass
232,Alla,Gómez,30000.000000,BA2491A,EconomyClass
231,Marmaduke,Pérez,10000.000000,BA2491A,EconomyClass
230,Liana,Sánchez,33000.000000,TU6789B,FirstClass
229,Tabina,Martínez,10000.000000,TU6789B,FirstClass
228,Jeniece,López,15000.000000,TU6789B,FirstClass
227,Adel,Rodríguez,30000.000000,TU6789B,FirstClass
226,Trula,Fernández,30000.000000,TU6789B,FirstClass
225,Adriano,González,33000.000000,TU6789B,FirstClass
224,Zonda,San Martín,33000.000000,TU6789B,FirstClass
223,Enrico,Farías,50000.000000,TU6789B,FirstClass
222,Marina,Mendoza,12000.000000,TU6789B,FirstClass
221,Aylmer,Guerrero,33000.000000,TU6789B,FirstClass
220,Mozes,Venegas,25000.000000,TU6789B,FirstClass
219,Kaile,Ortega,33000.000000,TU6789B,FirstClass
218,Romola,Toro,50000.000000,TU6789B,FirstClass
217,Dwight,Bustamante,42000.000000,TU6789B,FirstClass
216,Nikoletta,Poblete,12000.000000,TU6789B,FirstClass
215,Nita,Donoso,12000.000000,TU6789B,FirstClass
214,Nicolina,Alvarado,30000.000000,TU6789B,FirstClass
213,Darwin,Sáez,18000.000000,TU6789B,FirstClass
212,Thomasina,Navarrete,42000.000000,TU6789B,FirstClass
211,Marcile,Carvajal,30000.000000,TU6789B,FirstClass
210,Sayres,Sanhueza,10000.000000,TU6789B,FirstClass
209,Asia,Moreno,37000.000000,TU6789B,FirstClass
208,Weider,Palma,50000.000000,TU6789B,FirstClass
207,Maddie,Pino,33000.000000,TU6789B,FirstClass
206,Borden,Medina,12000.000000,TU6789B,FirstClass
205,Mallorie,Bustos,30000.000000,TU6789B,FirstClass
204,Jillana,Maldonado,18000.000000,BA2491A,EconomyClass
203,Cissiee,Lagos,18000.000000,BA2491A,EconomyClass
202,Yorke,Godoy,15000.000000,BA2491A,EconomyClass
201,Odey,Peña,20000.000000,BA2491A,EconomyClass
200,Alana,Zúñiga,30000.000000,BA2491A,EconomyClass
199,Eliot,Salinas,12000.000000,BA2491A,EconomyClass
198,Eleonora,Vidal,42000.000000,BA2491A,EconomyClass
197,Alasteir,Valdés,20000.000000,BA2491A,ExecutiveClass
196,Otho,Ruiz,20000.000000,BA2491A,ExecutiveClass
195,Roderigo,Escobar,20000.000000,BA2491A,ExecutiveClass
194,Philipa,Leiva,42000.000000,TU6789B,FirstClass
193,Zolly,Yáñez,25000.000000,MM0987B,ExecutiveClass
192,Farand,Cáceres,42000.000000,MM0987B,ExecutiveClass
191,Bethina,Vázquez,15000.000000,MM0987B,ExecutiveClass
190,Waldon,Vargas,30000.000000,MM0987B,ExecutiveClass
189,Maible,Aravena,18000.000000,MM0987B,ExecutiveClass
188,Scarface,Romero,50000.000000,MM0987B,ExecutiveClass
187,Sebastien,Parra,37000.000000,MM0987B,ExecutiveClass
186,Ian,Aguilera,42000.000000,MM0987B,ExecutiveClass
185,Marcellus,Navarro,30000.000000,MM0987B,ExecutiveClass
184,Eric,Saavedra,50000.000000,MM0987B,ExecutiveClass
183,Ruthe,Henríquez,30000.000000,MM0987B,ExecutiveClass
182,Loutitia,Guzmán,25000.000000,MM0987B,ExecutiveClass
181,Guillaume,Salazar,37000.000000,MM0987B,ExecutiveClass
180,Nial,Garrido,15000.000000,MM0987B,ExecutiveClass
179,Lynea,Ortiz,20000.000000,MM0987B,ExecutiveClass
178,Mellicent,Gallardo,50000.000000,MM0987B,ExecutiveClass
177,Robbi,Alarcón,10000.000000,MM0987B,ExecutiveClass
176,Wanids,Olivares,30000.000000,MM0987B,ExecutiveClass
175,Lorant,Cárdenas,50000.000000,MM0987B,ExecutiveClass
174,Prentiss,Orellana,30000.000000,IB0800A,EconomyClass
173,Brandon,Sandoval,18000.000000,IB0800A,EconomyClass
172,Addy,Campos,33000.000000,IB0800A,EconomyClass
171,Clair,Vega,37000.000000,IB0800A,EconomyClass
170,Devi,Molina,25000.000000,IB0800A,EconomyClass
169,Farley,Vera,12000.000000,IB0800A,EconomyClass
168,Lodovico,Bravo,18000.000000,IB0800A,EconomyClass
167,Didi,Miranda,15000.000000,IB0800A,EconomyClass
166,Darleen,García,42000.000000,IB0800A,EconomyClass
165,Sib,Riquelme,33000.000000,IB0800A,EconomyClass
164,Cathrin,Figueroa,30000.000000,IB0800A,EconomyClass
163,Pascale,Rivera,15000.000000,IB0800A,EconomyClass
162,Ofella,Vergara,50000.000000,IB0800A,EconomyClass
161,Ferdie,Jara,15000.000000,IB0800A,EconomyClass
160,Leonie,Núñez,50000.000000,IB0800A,EconomyClass
159,Kipp,Herrera,15000.000000,IB0800A,EconomyClass
158,Clarie,Cortés,42000.000000,IB0800A,EconomyClass
157,Maryjo,Gómez,12000.000000,IB0800A,EconomyClass
156,Tanny,Carrasco,42000.000000,IB0800A,EconomyClass
155,Osbert,Ramírez,42000.000000,IB0800A,EconomyClass
154,Bertine,Fernández,25000.000000,IB0800A,EconomyClass
153,Byram,Sánchez,42000.000000,IB0800A,EconomyClass
152,Babbie,Vásquez,15000.000000,IB0800A,EconomyClass
151,Meryl,Álvarez,12000.000000,IB0800A,EconomyClass
150,Dot,Pizarro,18000.000000,IB0800A,EconomyClass
149,Lena,Castro,25000.000000,IB0800A,EconomyClass
148,Benton,Gutiérrez,12000.000000,IB0800A,EconomyClass
147,Gustie,Reyes,42000.000000,IB0800A,EconomyClass
146,Armand,Tapia,15000.000000,IB0800A,EconomyClass
145,Dianna,Castillo,20000.000000,IB0800A,EconomyClass
144,Flora,Valenzuela,33000.000000,IB0800A,EconomyClass
143,Jenna,Espinoza,25000.000000,IB0800A,EconomyClass
142,Tanya,Flores,30000.000000,IB0800A,EconomyClass
141,Coreen,Araya,18000.000000,IB0800A,EconomyClass
140,Corbin,Torres,42000.000000,BA2491A,ExecutiveClass
139,Yankee,Hernández,42000.000000,BA2491A,ExecutiveClass
138,Brynn,Fuentes,50000.000000,BA2491A,ExecutiveClass
137,Johnette,López,10000.000000,BA2491A,ExecutiveClass
136,Gideon,Rodríguez,15000.000000,BA2491A,ExecutiveClass
135,Dunstan,Morales,20000.000000,BA2491A,ExecutiveClass
134,Stephenie,Sepúlveda,50000.000000,BA2491A,ExecutiveClass
133,Cordy,Martínez,18000.000000,BA2491A,ExecutiveClass
132,Dante,Silva,30000.000000,BA2491A,ExecutiveClass
131,Tom,Contreras,33000.000000,BA2491A,ExecutiveClass
130,Omero,Soto,10000.000000,BA2491A,ExecutiveClass
129,Vina,Pérez,42000.000000,BA2491A,ExecutiveClass
128,Zacharie,Díaz,30000.000000,BA2491A,ExecutiveClass
127,Cindelyn,Rojas,12000.000000,IB0800A,EconomyClass
126,Fonzie,Muñoz,15000.000000,IB0800A,EconomyClass
125,Esteban,González,15000.000000,IB0800A,EconomyClass
124,Pen,Ramos,18000.000000,IB0800A,EconomyClass
123,Pippa,Vázquez,20000.000000,IB0800A,ExecutiveClass
122,Linda,Domínguez,30000.000000,IB0800A,ExecutiveClass
121,Patrizio,Torres,15000.000000,IB0800A,ExecutiveClass
120,Lorettalorna,Navarro,25000.000000,MM0987B,ExecutiveClass
119,Glenda,Gutiérrez,37000.000000,MM0987B,ExecutiveClass
118,Stu,Alonso,12000.000000,MM0987B,ExecutiveClass
117,Cherrita,Romero,33000.000000,MM0987B,ExecutiveClass
116,Tracey,Muñoz,20000.000000,IB0800A,ExecutiveClass
115,Harmon,Álvarez,50000.000000,IB0800A,ExecutiveClass
114,Freddie,Moreno,12000.000000,IB0800A,ExecutiveClass
113,Johnathon,Díaz,15000.000000,IB0800A,ExecutiveClass
112,Tersina,Hernández,30000.000000,IB0800A,ExecutiveClass
111,Petey,Ruiz,15000.000000,IB0800A,ExecutiveClass
110,Dominick,Jiménez,30000.000000,IB0800A,ExecutiveClass
109,Trixie,Martín,42000.000000,IB0800A,ExecutiveClass
108,Carlie,Gómez,10000.000000,MM0987B,ExecutiveClass
107,Gaven,Pérez,10000.000000,MM0987B,ExecutiveClass
106,Nance,Sánchez,10000.000000,MM0987B,ExecutiveClass
105,Kilian,Martínez,42000.000000,MM0987B,ExecutiveClass
104,Geneva,López,33000.000000,MM0987B,ExecutiveClass
103,Desiri,Rodríguez,25000.000000,MM0987B,ExecutiveClass
102,Ertha,Fernández,10000.000000,IB0800A,ExecutiveClass
101,Marcille,González,10000.000000,IB0800A,ExecutiveClass
100,Georgeta,San Martín,10000.000000,IB0800A,ExecutiveClass
99,Aleda,Farías,50000.000000,IB0800A,ExecutiveClass
98,Jacquelin,Mendoza,30000.000000,IB0800A,ExecutiveClass
97,Marcellus,Guerrero,50000.000000,IB0800A,ExecutiveClass
96,Martino,Venegas,15000.000000,IB0800A,ExecutiveClass
95,Kyrstin,Ortega,37000.000000,IB0800A,ExecutiveClass
94,My,Toro,18000.000000,MM0987B,ExecutiveClass
93,Nicky,Bustamante,42000.000000,MM0987B,ExecutiveClass
92,Lonni,Poblete,50000.000000,MM0987B,ExecutiveClass
91,Sully,Donoso,15000.000000,MM0987B,ExecutiveClass
90,Margaretha,Alvarado,10000.000000,MM0987B,ExecutiveClass
89,Guenevere,Sáez,30000.000000,MM0987B,ExecutiveClass
88,George,Navarrete,30000.000000,MM0987B,ExecutiveClass
87,Joelle,Carvajal,37000.000000,MM0987B,FirstClass
86,Angie,Sanhueza,20000.000000,MM0987B,FirstClass
85,Trenton,Moreno,12000.000000,IB0800A,ExecutiveClass
84,Tatiania,Palma,20000.000000,IB0800A,ExecutiveClass
83,Lesya,Pino,15000.000000,IB0800A,ExecutiveClass
82,Kendre,Medina,25000.000000,IB0800A,ExecutiveClass
81,Kylila,Bustos,12000.000000,IB0800A,ExecutiveClass
80,Jesselyn,Maldonado,30000.000000,IB0800A,ExecutiveClass
79,Roland,Lagos,25000.000000,IB0800A,ExecutiveClass
78,Morse,Godoy,25000.000000,IB0800A,ExecutiveClass
77,Sacha,Peña,25000.000000,IB0800A,ExecutiveClass
76,Nananne,Zúñiga,33000.000000,IB0800A,ExecutiveClass
75,Solomon,Salinas,10000.000000,IB0800A,ExecutiveClass
74,Cristie,Vidal,25000.000000,IB0800A,ExecutiveClass
73,Cristi,Valdés,42000.000000,IB0800A,FirstClass
72,Katrine,Ruiz,25000.000000,IB0800A,FirstClass
71,Shaughn,Escobar,15000.000000,IB0800A,FirstClass
70,Sayre,Leiva,33000.000000,IB0800A,FirstClass
69,Paulita,Yáñez,50000.000000,IB0800A,FirstClass
68,Cristobal,Cáceres,15000.000000,IB0800A,FirstClass
67,Blanch,Vázquez,15000.000000,IB0800A,FirstClass
66,Dominica,Vargas,33000.000000,IB0800A,FirstClass
65,Star,Aravena,33000.000000,MM0987B,FirstClass
64,Gabbey,Romero,37000.000000,MM0987B,FirstClass
63,Loy,Parra,15000.000000,MM0987B,FirstClass
62,Marysa,Aguilera,20000.000000,MM0987B,FirstClass
61,Deeyn,Navarro,20000.000000,MM0987B,FirstClass
60,Kori,Saavedra,50000.000000,MM0987B,FirstClass
59,Celene,Henríquez,50000.000000,MM0987B,FirstClass
58,Lianna,Guzmán,12000.000000,MM0987B,FirstClass
57,Homer,Salazar,18000.000000,MM0987B,FirstClass
56,Bernardine,Garrido,33000.000000,MM0987B,FirstClass
55,Corina,Ortiz,37000.000000,MM0987B,FirstClass
54,Julina,Gallardo,33000.000000,MM0987B,FirstClass
53,Hyacinthie,Alarcón,15000.000000,MM0987B,FirstClass
52,Carline,Olivares,12000.000000,IB0800A,FirstClass
51,Marion,Cárdenas,50000.000000,IB0800A,FirstClass
50,Carroll,Orellana,42000.000000,IB0800A,FirstClass
49,Dagmar,Sandoval,25000.000000,IB0800A,FirstClass
48,Noella,Campos,15000.000000,IB0800A,FirstClass
47,Raine,Vega,30000.000000,IB0800A,FirstClass
46,Lonnard,Molina,50000.000000,IB0800A,FirstClass
45,Nikoletta,Vera,50000.000000,MM0987B,FirstClass
44,Margarete,Bravo,50000.000000,BA2491A,ExecutiveClass
43,Bradney,Miranda,25000.000000,BA2491A,ExecutiveClass
42,Ame,García,50000.000000,BA2491A,ExecutiveClass
41,Brnaba,Riquelme,30000.000000,MM0987B,FirstClass
40,Sydney,Figueroa,10000.000000,MM0987B,FirstClass
39,Alfredo,Rivera,10000.000000,MM0987B,FirstClass
38,Roda,Vergara,25000.000000,MM0987B,FirstClass
37,Stefa,Jara,42000.000000,BA2491A,FirstClass
36,Cristie,Núñez,10000.000000,BA2491A,FirstClass
35,Jehanna,Herrera,50000.000000,BA2491A,FirstClass
34,Redd,Cortés,42000.000000,BA2491A,FirstClass
33,Earle,Gómez,10000.000000,BA2491A,FirstClass
32,Katey,Carrasco,42000.000000,MM0987B,FirstClass
31,Franny,Ramírez,15000.000000,IB0800A,FirstClass
30,Toby,Fernández,15000.000000,IB0800A,FirstClass
29,Gaye,Sánchez,37000.000000,IB0800A,FirstClass
28,Doro,Vásquez,33000.000000,IB0800A,FirstClass
27,Anthea,Álvarez,42000.000000,MM0987B,FirstClass
26,Karim,Pizarro,25000.000000,MM0987B,FirstClass
25,Braden,Castro,25000.000000,MM0987B,FirstClass
24,Reagen,Gutiérrez,42000.000000,MM0987B,FirstClass
23,Johnny,Reyes,33000.000000,MM0987B,FirstClass
22,Eugene,Tapia,50000.000000,BA2491A,FirstClass
21,Bobbye,Castillo,15000.000000,BA2491A,FirstClass
20,Bellanca,Valenzuela,15000.000000,BA2491A,FirstClass
19,Park,Espinoza,30000.000000,MM0987B,FirstClass
18,Cirillo,Flores,50000.000000,MM0987B,FirstClass
17,Ernesta,Araya,37000.000000,BA2491A,FirstClass
16,Iver,Torres,12000.000000,BA2491A,FirstClass
15,Megen,Hernández,10000.000000,BA2491A,FirstClass
14,Bronnie,Fuentes,20000.000000,MM0987B,FirstClass
13,Shel,López,50000.000000,MM0987B,FirstClass
12,Cordelie,Rodríguez,50000.000000,IB0800A,FirstClass
11,Brandea,Morales,15000.000000,IB0800A,FirstClass
10,Aggie,Sepúlveda,15000.000000,BA2491A,FirstClass
9,Jeanine,Martínez,18000.000000,MM0987B,FirstClass
8,Henrieta,Silva,30000.000000,IB0800A,FirstClass
7,Kimberlee,Contreras,33000.000000,BA2491A,FirstClass
6,Gayle,Soto,30000.000000,MM0987B,FirstClass
5,Sheelagh,Pérez,18000.000000,IB0800A,FirstClass
4,Kimbell,Díaz,50000.000000,BA2491A,FirstClass
3,Brade,Rojas,20000.000000,MM0987B,FirstClass
2,Ulrike,Muñoz,25000.000000,IB0800A,FirstClass
1,Lou,González,10000.000000,BA2491A,FirstClass
